Date,c4030,c1152_2,c1150_6,c3220,x6020_4,c8011_5,x8110,p1410_1,e2010,c3251_7,c1150_5,c8010_3,c1152_10,c2110,x1040_5,c3250_1,h2020_5,c3250_5,c1010,c3250_3,c1110,c2150_8,c1220,c6010,c2150_6,c2151_9,c2150_3,h2020_6,c1150_3,emp_status,c1152_7,c3251_9,c1020,c3250_6,c1150_1,p1410_3,h2020_7,x1040_3,c4031,x1040_2,c8011_1,x1040_7,x8020,c3251_4,c8010_1,c1152_3,c2151_8,c2151_10,c4020,c3250_8,c3251_2,h2020_1,c2150_4,c2151_7,c1120,h2020_2,x6020_8,c1152_5,c3251_5,p1410_2,c3210,x6020_1,c2151_4,c1150_2,c1210,h2020_4,c3110,c1152_4,x6020_6,c2151_3,c3251_6,x1040_4,c1152_8,c1150_8,x1040_6,c8011_3,c2150_7,c3251_1,x6020_9,c1152_1,c4010,c2151_5,x1040_8,c2151_6,p1410_5,c3010,wgt,c1152_6,c2150_5,e2020,c3251_10,h2020_3,c1150_4,c1150_7,c3251_8,c3250_7,x6020_7,c3250_4,c2151_2,x1040_9,c3250_2,c8011_2,c6020,c2150_2,x6020_5,x1040_1,p1410_4,c3251_3,c2151_1,c8010_4,c8011_4,c2150_1,x6020_2,c2120,c1152_9,x6020_3,c8010_2,q5010_q,q4010_11_q,q4010_5_q,q5022_q,q4010_4_q,q5021_q,q4010_1_q,q2111_q,q5020_q,q5011_q,q5012_q,q4010_2_q,emp_status_q_q,q2101_q,q4010_9_q,q5013_q,q4010_6_q,q4010_3_q,q4010_10_q,q2121_q,q4010_7_q,q4010_8_q,c9050_nr,flc6110_4_nr,c9020_4_nr,flc2200_1_nr,flc2000_nr,flc6110_3_nr,c9010_4_nr,c9030_4_nr,flc6110_1_nr,flc2100_nr,c9010_3_nr,c9010_1_nr,c9040_11_nr,flc2200_2_nr
2020-07-01,15.903702904026773,,4.3712620101479,-1.2417359386807731,,,,,,,6.661340818309403,-23.693187952067365,,3.4914174673431932,,9.580049659937385,,12.380546259311238,2.907697290294721,12.604123933930692,2.6954550361653893,7.7612004750080965,4.562517542912663,3.4568714239447265,7.460326028284573,,16.457950987800928,,21.364352801468208,,,,4.510612112706467,8.06725682824139,19.29439706358631,,,,18.047263305624526,,,,,,-31.048580373529095,,,,-6.998618158264061,11.710137104609737,,,18.657886213969558,,4.816700852855446,,,,,,3.622260606714887,,,18.250890640181368,2.925618050307676,,2.6795854474792185,,,,,,,2.5828565259635106,,,6.475008096728922,,,,1.9731188599805678,,,,,2.69599481809349,24960.22271442913,,10.718341789916874,,,,17.23620857173702,2.9225952715103096,,7.027420921947533,,20.516895174349564,,,8.088740148979813,,-133.1251862247652,13.109359818633273,,,,,,-32.62215265032927,,11.463996545395661,,0.7443916657670301,,,-30.717154269675053,-465.4930618744313,0.049590536851683346,0.030254777070063694,,0.011487716105550501,,0.025477707006369428,,,,,0.029117379435850774,,,0.7693357597816196,,0.009212920837124659,0.04651956323930846,0.037420382165605094,,0.013307552320291174,0.01569608735213831,,,1.2910504156320846,,,,-6.771564288027637,1.0487962863003346,,,-4.647198531793156,-2.3895066393177156,,
2020-08-01,15.425315523769457,,3.558687421119058,-0.5830879259570888,,,,,,,5.831194783340345,-20.687736642827094,,3.569415229280606,,10.570887673538072,,11.933845183003786,2.878944047118216,12.226440891880522,2.8391880521665964,7.8941943626419855,4.276030710980227,3.4827513672696675,6.810475389145982,,15.408287757677746,,21.31415649978965,,,,5.097339082877577,7.621371476651241,20.019457299116535,,,,17.038251998317207,,,,,,-28.66806899453092,,,,-5.80699411022297,10.738851493479176,,,17.82593605384939,,4.957372738746319,,,,,,3.704669751787968,,,19.160286074884308,3.1087505258729493,,2.789861169541439,,,,,,,2.331194783340345,,,6.40544804375263,,,,1.9882204459402608,,,,,2.6789019772822886,24317.053323965185,,10.354753891459824,,,,16.36790071518721,2.539966344131258,,6.57940681531342,,20.120845603702147,,,8.25830879259571,,-128.41876314682375,12.682898611695414,,,,,,-27.58897770298696,,12.262726125368111,,0.8839503575936054,,,-24.974652923853597,,,,,,,,,,,,,,,,,,,,,,,,,1.2081405132519982,,,,-7.139882204459402,0.8684265881363062,,,-3.2791333613798908,-1.3538073201514513,,
2020-09-01,15.301435927906516,,3.4553376906318083,0.2902455931867697,,,,,,,6.088730441671618,-21.83372945137651,,3.596949891067538,,10.827490592196474,,12.390572390572391,2.889879183996831,13.08338284808873,2.9938601703307586,5.943949296890473,4.086650821944939,3.526044761338879,6.120221826104179,,16.390869479104772,,22.53050108932462,,,,5.079708853238265,6.818875024757378,18.072687660922956,,,,16.34419687066746,,,,,,-27.04367201426025,,,,-3.738770053475936,9.061200237670826,,,19.485541691424043,,4.443652208358091,,,,,,3.7626262626262625,,,17.954842543077838,3.185086155674391,,2.853238265002971,,,,,,,2.1131907308377897,,,5.177460883343236,,,,1.9707862943157062,,,,,2.700237670825906,22896.270846159437,,10.038522479698951,,,,17.636561695385225,2.323925529807883,,5.444939591998415,,21.371558724499902,,,8.62537136066548,,-124.78410576351752,13.287086551792434,,,,,,-25.04862348979996,,12.449593979005744,,1.5961477520301048,,,-25.59813824519707,,,,,,,,,,,,,,,,,,,,,,,,,1.0858585858585859,,,,-6.336007130124777,0.7626262626262627,,,-3.5897207367795603,-1.5075262428203604,0.7063775004951476,
2020-10-01,14.723749999999999,,3.3552480916030536,0.5699713740458016,,,,,,,6.003339694656488,-19.20973282442748,,3.596087786259542,,11.137977099236641,,11.154770992366412,2.997614503816794,11.766125954198474,3.0873091603053435,5.7778625954198475,3.8585973282442745,3.5494274809160307,5.7026717557251905,,16.599713740458014,,22.544656488549617,,,,4.4721374045801525,6.750190839694657,16.74608778625954,,,,15.836164122137404,,,,,,-23.174809160305344,,,,-3.443196564885496,9.309064885496182,,,19.40706106870229,,4.101106870229008,,,,,,3.7978053435114503,,,16.97290076335878,3.234351145038168,,2.877290076335878,,,,,,,2.086450381679389,,,5.034446564885497,,,,1.988645038167939,,,,,2.7282442748091604,22061.693034725668,,9.555152671755724,,,,18.851908396946566,2.041412213740458,,5.879675572519084,,21.954484732824426,,,8.3537213740458,,-126.51405534351146,13.533301526717556,,,,,,-24.76125954198473,,12.228912213740458,,1.7777958015267175,,,-23.670419847328244,-500.5302446542092,0.06048930841841649,0.026199190907339628,,0.015989212097861683,,0.02571758813330765,,,,,0.029570410325563474,,,0.7605471007513003,,0.010017337699865151,0.038528221922558274,0.041225197457137354,,0.011462146021961087,0.013099595453669814,4.911641221374046,,0.9523854961832061,,,,-5.992652671755725,0.6897900763358779,,,-5.064026717557252,-3.4829198473282443,,
2020-11-01,15.09355478951217,,3.4462550924475086,0.6175806957066751,,,,,,,6.6002298130157735,-26.805703541209652,,3.5450746892301264,,10.215815313903688,,12.395591768515617,2.9598871827013475,12.595946934085449,3.0465893659249974,5.996657265225112,4.147331035203176,3.509349211323514,5.747310143110832,,16.99226992583307,,23.164002924892927,,,,4.424182596887078,7.507782304397786,15.729969706466102,,,,16.4264493889063,,,,,,-30.406455656534003,,,,-3.6927086597722765,9.561057139872558,,,21.430586023190223,,4.033772067272538,,,,,,3.7826177791705837,,,17.080643476444166,3.1308889585291966,,2.8420557818865557,,,,,,,2.4927399979107907,,,5.14509558132247,,,,1.9827640238169852,,,,,2.7196281207562936,24151.9422338454,,10.101117726940354,,,,21.260002089209234,2.2418259688707822,,6.174971273373028,,24.104982764023816,,,7.92844458372506,,-130.38746474459415,14.068421602423482,,,,,,-28.16327170166092,,12.033427347748876,,1.9954977541000734,,,-31.30888958529197,,,,,,,,,,,,,,,,,,,,,,,4.842787005118563,,0.8949127755144678,,,,-8.239632299174762,0.7040635119607229,,,-8.030815836205996,-4.157630836728298,,
2020-12-01,14.419791666666669,,3.535932721712538,0.8525707186544342,,,,,,,7.267775229357798,-20.584097859327215,,3.5710053516819573,,10.762136850152904,,12.61128631498471,3.0807530581039755,12.301987767584098,3.1663799694189603,5.510607798165138,3.774187691131498,3.55848623853211,5.4067278287461775,,17.2068998470948,,22.741781345565748,,,,3.9976490825688074,6.4379778287461775,14.974627293577981,,,,15.47071865443425,,,,,,-24.270737767584098,,,,-2.434461009174312,8.87098623853211,,,23.3318998470948,,3.6552656727828743,,,,,,3.819954128440367,,,15.743931574923547,3.2507645259938838,,2.90118501529052,,,,,,,2.6287270642201834,,,4.788799694189603,,,,1.9719992354740061,,,,,2.760703363914373,22095.426510424313,,10.342029816513762,,,,23.877006880733944,2.549120795107034,,5.633696483180428,,26.534164755351682,,,8.452408256880734,,-141.3106364678899,13.584623470948012,,,,,,-24.668577981651374,,12.3846999235474,,1.9322056574923545,,,-23.439029051987767,,,,,,,,,,,,,,,,,,,,,,,4.860474006116208,,0.8508218654434251,,,,-6.913130733944954,0.6659021406727829,,,-5.506976299694189,-2.765672782874618,,
2021-01-01,14.344799054373523,,3.538916166575741,0.6312238588834334,,,,,,,7.259865430078196,-18.646663029641754,,3.5914711765775595,,10.12224358974359,,12.512229496272049,3.1523913438807054,12.526171122022184,3.1578468812511367,5.2247226768503365,3.527459538097836,3.580469176213857,5.520185488270594,,16.69135297326787,,21.944262593198765,,,,3.779505364611748,6.582924168030551,14.657446808510638,,,,15.555628296053827,,,,,,-21.634933624295325,,,,-2.776723040552828,8.58110565557374,,,23.345971994908165,,3.6563738861611204,,,,,,3.826241134751773,,,16.374740861974903,3.282778687034006,,2.884160756501182,,,,,,,2.510092744135297,,,4.604109838152391,,,,2.0010001818512455,,,,,2.7497726859428986,21022.598927480725,,10.218039643571558,,,,24.220494635388253,2.46299327150391,,5.5958810692853245,,26.653436988543373,,,8.841583469721767,,-144.70380069103473,14.630841971267504,,,,,,-20.249227132205856,,11.927259501727587,,1.9336788507001272,,,-20.800781960356428,,,,,,,,4.270437596735613,2.5093293922039535,11.251052920710492,,,1.7483061710309467,3.245673279864922,,,,,,2.3205290558604195,,,4.884160756501182,,0.8196944899072559,,,,-4.381160210947445,0.6924895435533733,,,-3.720949263502455,-1.2149481723949809,,
2021-02-01,14.335577947873269,,3.2402680652680655,0.33012305009204534,,,,,,,7.670600233100233,-17.64296095339599,,3.5660304234085842,,10.142476504214708,,12.638019571746923,3.1912992814138668,12.348609630849724,3.146076146076146,5.839986435422924,3.5089337735482617,3.591512450343959,5.730743145044085,,17.00755740722798,,22.831973581973582,,,,3.4830840939988352,6.772599554306753,14.837364024864025,,,,15.757213448309274,,,,,,-20.804573200271292,,,,-3.1151729483577175,9.25976165100281,,,24.60236411200465,,3.6542249417249417,,,,,,3.809805251429125,,,16.34663947163947,3.2542241211885803,,2.8755934502470692,,,,,,,2.546561771561772,,,4.7089913768045735,,,,1.982462939637632,,,,,2.7512837903303944,22401.56409257223,,11.043987985660305,,,,24.234120046620045,2.4961441336441337,,5.849869198721054,,27.36488712334076,,,8.632690630752833,,-147.41494041275072,13.802926073054936,,,,,,-21.595194264121695,,11.27293866873365,,1.741837031295417,,,-20.14262183896909,,,,,,,,,,,,,,,,,,,,,,,,,0.8832477473113071,,,,-4.692374769886639,0.7414010270322643,,,-6.443949229725802,-3.01976552659626,0.7271582211026063,
2021-03-01,14.318085922516302,,3.3186133486766396,0.9454641350210969,,,,,,,7.6440544687380125,-19.574606827771383,,3.586977368622938,,10.227963176064442,,12.535337552742616,3.210107403145378,13.02023398542386,3.1705024932873034,4.961171845032604,3.4543248945147678,3.557729190640583,5.384014192558497,,17.404219409282703,,22.166858457997698,,,,3.343699654775604,6.3085634829305715,14.30686612965094,,,,15.224865746068277,,,,,,-21.959148446490218,,,,-1.7350210970464135,8.584925201380898,,,23.93536632144227,,3.4254219409282705,,,,,,3.8237437667817415,,,15.203298810893747,3.242520138089758,,2.9017069428461832,,,,,,,2.6183160721135406,,,4.328586497890296,,,,1.952915228231684,,,,,2.755753739930955,22313.669351765246,,10.555283851169927,,,,25.606731875719216,2.5322688914461065,,5.268268124280783,,26.91963943229766,,,9.061037591100883,,-146.5292385884158,14.197449175297276,,,,,,-21.8120444955888,,11.848120444955887,,2.0581127733026467,,,-21.269083237437666,,,,,,,,,,,,,,,,,,,,,,,4.823647871116226,,0.8519370924434215,,,,-4.955600306866129,0.6546797084771768,,,-6.568085922516302,-4.037111622554661,,
2021-04-01,14.22555651922521,,3.2969548038932253,0.48199865086248433,,,,,,,7.676158812758986,-18.069866049918087,,3.5641322154765347,,9.386816999132698,,12.609328322251132,3.1941794352895827,13.193504866531752,3.171533198419582,4.903681218078443,3.4536282162474707,3.581285535318493,5.224149561530307,,17.6334200636022,,22.49975908258649,,,,3.310667823070252,6.19658860942469,13.873662908355016,,,,15.405039992290643,,,,,,-19.71880119495037,,,,-2.0770261154476244,8.841958176737014,,,23.695094921460925,,3.3635829237737305,,,,,,3.835501590054929,,,15.276862291606438,3.201310590729498,,2.9100896212778258,,,,,,,2.2706466223378627,,,4.508624843403681,,,,1.9602004432880409,,,,,2.784330731425267,22423.33468252915,,10.855353184928207,,,,25.878384889659824,2.4964344222800423,,5.300568565095885,,27.76043172400501,,,8.352606726414185,,-144.47703575214416,14.32668401272044,,,,,,-22.23436445986316,,11.700539655006263,,2.0963476920111783,,,-19.122289679098007,,,,,,,,4.228230022404779,2.5066719383216367,2.8411468423091826,,,1.7654010073614879,-1.777445855115758,,,,,,2.6165795369678864,,,4.742700202370627,,0.893032668401272,,,,-5.752144164980245,0.657126337091645,,,-5.019080659150044,-2.751180495326202,,
2021-05-01,14.11043461237275,,3.130775254502741,0.8651820673453408,,-20.96613155833986,,,,,7.212529365700861,,,3.5520751761942053,,10.225812451057164,,12.713283085356304,3.19234534064213,12.495487470634298,3.1602388410336726,4.918314408770556,3.4311863743148003,3.577623335943618,5.095879013312451,,17.885473766640565,,22.928833202819106,,,,3.3345732184808146,6.061951840250588,13.693179326546593,,,,15.087392325763506,,-20.689604541895065,,,,,,,,-1.4685787000783086,8.642717306186375,,,23.487715348472985,,3.3138312451057166,,,,,,3.8533672670321066,,,15.414144479248238,3.2297376664056383,,2.926585747846515,,,,,,,2.5787000783085356,,-18.188136256851998,4.243392717306186,,,,1.9433241973375097,,,,,2.8003132341425214,22776.717306243343,,10.752055599060297,,,,25.917572435395456,2.302907204385278,,5.262695771339076,,27.990045027407987,,,8.34283476898982,-19.059220830070476,-144.95211433046202,14.568471025841816,,,,,,,-22.761844166014097,11.930452231793266,,2.0604444009397023,,,,,,,,,,,,,,,,,,,,,,,,,,4.708692247454972,,0.8478856695379796,,,,-4.687744714173845,0.6131558339859045,,,-5.01595536413469,-2.4209083790133126,,
2021-06-01,14.062816957210778,,3.0718502377179084,0.9074187797147384,,-21.10033676703645,,,,,7.142581220285262,,,3.544770206022187,,10.44175911251981,,13.225208003169573,3.1605586370839935,12.499306656101426,3.1320324881141044,4.97999207606973,3.3823296354992074,3.5770602218700476,4.920513074484944,,17.41065768621236,,23.23625198098257,,,,3.3073494453248813,6.137777337559429,14.21241085578447,,,,14.877684231378764,,-22.826465927099843,,,,,,,,-1.242135499207607,8.136687797147385,,,24.950376386687797,,3.326089540412044,,,,,,3.856378763866878,,,15.076713549920761,3.224643423137876,,2.9349247226624406,,,,,,,2.5933438985736927,,-20.754457210776547,4.406002377179081,,,,1.9539421553090333,,,,,2.7942749603803487,23047.438985778528,,10.078347860538827,,,,26.204338351822503,2.4741184627575277,,5.32438589540412,,29.09454239302694,,,8.397385103011093,-23.333498415213946,-154.79308637083994,14.776396592709984,,,,,,,-23.019512678288432,12.103506339144216,,2.1105982567353405,,,,,,,,,,,,,,,,,,,,,,,,,,,,0.8228011093502378,,,,-6.533280507131537,0.6150950871632329,,,-6.112717908082409,-3.814877179080824,,
2021-07-01,14.05383429672447,,2.9013776493256263,0.9114643545279384,,-19.64479768786127,,,,,6.986589595375722,,,3.494894026974952,,9.858670520231215,,13.153323699421966,3.120038535645472,12.954576107899808,3.09980732177264,4.527552986512524,3.343439306358382,3.5907514450867053,4.603998073217727,,18.032899807321773,,23.615992292870907,,,,3.3548073217726397,5.804768786127168,14.029152215799614,,,,14.797976878612717,,-21.151348747591523,,,,,,,,-0.8596917148362235,8.114402697495184,,,25.669460500963392,,3.33397880539499,,,,,,3.852312138728324,,,15.46621387283237,3.2133911368015413,,2.9299614643545278,,,,,,,2.6843737957610787,,-18.739788053949905,3.7852601156069365,,,,1.9166666666666667,,,,,2.818111753371869,22416.853949905588,,10.267244701348748,,,,26.97592485549133,2.262447013487476,,4.729046242774566,,31.298025048169556,,,8.291714836223507,-20.108285163776493,-159.49873795761079,14.958959537572253,,,,,,,-21.833236994219654,12.849229287090559,,2.4361368015414255,,,,,,,,,2.4827282512966042,,4.604495385531409,,,20.1232080588919,,1.7669507942657885,2.4684429889848167,,,,,,2.904138136350104,,,4.588728323699422,,,,,,-6.201445086705203,,,,-7.301541425818883,-5.986127167630058,,
2021-08-01,13.585398318654923,,2.8529323458767015,1.1569555644515612,,-19.677542033626903,,,,,6.631405124099279,,,3.4884907926341073,,10.021767413931144,,12.463070456365092,3.1222978382706166,12.999399519615693,3.131305044035228,4.1778422738190555,3.126421136909528,3.6281024819855885,4.244695756605284,,18.60673538831065,,24.292333867093674,,,,3.3071657325860686,5.457666132906325,13.249899919935949,,,,13.90166132906325,,-20.230484387510007,,,,,,,,0.23766012810248197,7.375600480384308,,,25.227682145716575,,3.2233286629303444,,,,,,3.870896717373899,,,15.653622898318655,3.276521216973579,,2.9604683746997598,,,,,,,2.591423138510809,,-18.699659727782226,3.4093775020016013,,,,1.8634907926341073,,,,,2.8527822257806243,23287.324260016412,,9.54958967173739,,,,25.990892714171338,2.4181845476381105,,4.663380704563651,,31.672137710168133,,,8.206365092073659,-20.302642113690954,-142.4766012810248,15.097778222578063,,,,,,,-20.730184147317853,13.227131705364291,,2.5337369895916733,,,,,,,,,,,,,,,,,,,,,,,,,,4.771116893514812,,,,,,-7.383506805444355,,,,-7.485688550840672,-6.544635708566854,,
2021-09-01,13.48314307458143,,2.6848839421613393,1.310511796042618,,-18.093702435312025,,,,,6.08937404870624,,,3.4980974124809743,,10.032153729071537,,12.468892694063927,3.053748097412481,12.966609589041095,3.0951293759512937,3.8633942161339423,3.3504566210045663,3.6154870624048705,4.070395738203957,,18.5863299086758,,24.099096270928463,,,,3.5947583713850837,5.221746575342466,14.316661910197869,,,,13.495976027397262,,-18.628234398782343,,,,,,,,0.8857115677321157,7.107401065449011,,,24.77906202435312,,3.4314878234398787,,,,,,3.907439117199391,,,16.158675799086758,3.2579908675799087,,2.9797374429223744,,,,,,,2.612585616438356,,-17.158675799086758,3.0272070015220702,,,,1.8431316590563165,,,,,2.871194824961948,22135.363774701484,,9.620861872146119,,,,24.446442161339423,2.1911862633181127,,4.156297564687976,,31.336948249619482,,,8.210426179604262,-17.24039193302892,-147.44978120243533,14.989583333333334,,,,,,,-19.54632800608828,13.289145738203958,,2.746756088280061,,,,,,,,,,,,,,,,,,,,,,,,,,4.800894216133942,,,,,,-7.51179604261796,,,,-6.473649162861491,-5.117865296803653,,
2021-10-01,13.533688910940214,,2.601132886794013,1.3427602745389895,,-19.012321177540727,,,,,5.864756470685521,,,3.4526585628049284,,10.448730670635905,,12.04560489539403,2.9684941701810965,12.908087323244853,3.045728934094104,4.261969734557182,3.6456048953940297,3.6103530968328785,3.900603655007029,,18.104688662862813,,24.19060613578103,,,,4.0891259406268095,5.019887538245266,15.79679980153808,,,,13.62310427520053,,-19.950384519970232,,,,,,,,0.9121971388406517,7.097122302158273,,,23.636483916315225,,3.7832134292565947,,,,,,3.8729016786570742,,,16.042073927065243,3.2107004051930867,,2.9787480360539154,,,,,,,2.8566112627139666,,-17.777639956999916,3.1493425948896054,,,,1.8476804763086083,,,,,2.881501695195568,19241.457371992063,,8.845530472173985,,,,22.838873728603325,2.1364425700818654,,4.359085421318118,,30.947697014801953,,,8.338170842636236,-18.920697924419084,-145.732208715786,15.428181592656909,,,,,,,-20.21640618539651,14.571901099809807,,2.732117754072604,,,,,,,,,2.493738819320215,,4.423785594639866,,,9.77532120807609,,1.7631403303854496,3.039556758149723,,,,,,-8.365416827728385,,,4.843793930372943,,,,,,-8.044902009426941,,,,-7.525758703382122,-4.729016786570743,,
2021-11-01,13.524408955691246,,2.498551745733521,1.2289572569281353,,-22.085642711758258,,,,,5.644512290590262,,,3.4260216063879754,,9.891850634100516,,11.962775951150775,2.840770314701738,13.553898543917333,2.980742132456552,3.8312196649444186,3.8389228119617975,3.5642711758258963,3.7226397369657116,,18.58877407233443,,25.19565523720056,,,,4.405190230155003,5.314975731955535,15.153812431501487,,,,13.654626585251293,,-24.478237043995616,,,,,,,,0.7562783779552216,6.89392516048223,,,23.76088147800219,,3.901221230624706,,,,,,3.886488179113825,,,17.409096602473774,3.1232190386723033,,2.9631282292155943,,,,,,,2.3338891498356036,,-22.4246124941287,3.102278064819164,,,,1.8571316737122279,,,,,2.8542351651792703,18215.668075852904,,8.882065132299985,,,,22.740018788163457,2.2514091122592768,,4.498669171755128,,31.1526146860811,,,8.346367621731643,-23.104117739157665,-148.9200250508846,16.086895255988725,,,,,,,-28.84264913104744,14.483677782996713,,3.023399091905433,,,,,,,,,,,,,,,,,,,,,,,,,,4.7245968373258185,,,,,,-12.858071081885079,,,,-11.040707687490215,-7.1925786754344765,,
2021-12-01,13.60919450736127,,2.7352420724801814,1.2737896375990938,,-24.715812570781427,,-18.174051528878824,,,5.7196347678369195,,,3.3482446206115517,,9.787754813137033,,12.0625,2.705832389580974,14.139028878822199,2.862117780294451,4.053418742921857,3.961848810872027,3.478411664779162,3.934003397508494,,19.474699178935445,,25.713756370328426,,,,4.741810588901473,5.843573046432616,15.859916477916194,-10.026330690826727,,,13.634173272933182,,-27.818091732729332,,,,,,,,0.9333734428086071,7.144783408833522,,,24.17997734994337,,4.148895809739524,,,,,-9.763943941109853,3.831610985277463,,,18.303010334088334,3.060872027180068,,2.930917327293318,,,,,,,2.526266987542469,,-25.210008493771234,3.2782913363533406,,,,1.8362825594563987,,,,-18.626061721404305,2.819861268403171,16469.91392981335,,8.91286806342016,,,,21.815658267270667,2.3339750849377126,,4.855004246885617,,31.602753397508494,,,8.65247027180068,-26.746744054360136,-157.75468573046433,16.42036169309173,,,-8.364028878822197,,,,-29.05181200453001,14.73129671574179,,3.24951160815402,,,,,,,,,,,,,,,,,,,,,,,,,,,,,,,,-12.601712910532276,,,,-9.245823895809739,-7.578708946772367,,
2022-01-01,12.897124553039333,,2.591809445768772,1.1555721096543503,,-26.752979737783075,,,,,5.041153903456496,,,3.2320470798569727,,9.470500595947557,0.09773539928486293,12.475156436233611,2.400029797377831,15.168541418355185,2.593787246722288,3.707110399284863,4.202272050059595,3.3433402860548274,4.12309669249106,,19.59427145411204,0.04186531585220501,24.90177666865316,,,,5.509691597139452,6.305408224076282,19.246423569725863,,0.5494636471990465,,12.941403456495827,,-27.765792610250298,,,,,,,,0.6516835518474374,7.41092073897497,,0.17587902264600716,23.34397348033373,,4.914503873659118,0.3010280095351609,,,,,3.7677294398092966,,,21.461784117997617,2.9705750893921334,0.06912991656734208,2.8475864123957093,,,,,,,2.6597996126340884,,-27.33857270560191,3.1799053933253876,,,,1.8375297973778308,,,,,2.7654946364719906,17333.651967122467,,8.961095798569726,,,0.07196066746126341,18.36263036352801,2.6090770262216925,,5.238863230035757,,31.37056019070322,,,8.785496126340883,-29.041194874851012,-163.82543951132303,17.894964243146603,,,,,,,-30.181168057210964,15.798606972586413,,3.4357792014302744,,,,,,,,,2.502202977818292,,4.750765740215542,,,15.916442250149611,,1.7342160383004188,3.1975042541123084,,,,,,-0.3885422575155984,,,4.603024433849821,,,,,,-12.844383194278903,,,,-9.1121126340882,-8.117327175208581,,
2022-02-01,12.810635387456397,,2.711668148553451,1.212406812119554,,-24.803912181109364,,-20.06572737842829,,,4.823897134258942,,,3.278229943232337,,9.839997264209014,0.09171739279119075,11.987422200943849,2.354558511729704,14.916572053895083,2.6311469803706995,3.822460843991519,4.206723206347035,3.3378017919430953,3.9603570207236167,,19.769058203953218,0.04999658026126804,24.273968948772314,,,,5.7872170166199295,6.000444566035155,19.864824567403048,-11.82511456124752,0.531564188495999,,12.883578414609124,,-26.383968264824567,,,,,,,,0.36466725942138023,7.231044388208741,,0.1752274126256754,23.010525955816977,,4.976957800424048,0.305245879214828,,,,-10.215101566240339,3.7883181724916217,,,21.805416866151425,3.0090965050270158,0.06668490527323713,2.8530196293003214,,,,,,,2.6540523903973736,,-24.115245195267082,3.0859585527665687,,,,1.8744955885370358,,,,-12.561042336365501,2.7643800013678956,15914.57109672047,,8.652164694617332,,,0.07304561931468435,17.442103823267903,2.3104644005198005,,4.8740441830244166,,30.80402845222625,,,9.514561247520689,-25.957732029272965,-169.6392244032556,17.707591819984955,,,-9.933999042473156,,,,-26.339853635182273,15.709725736953697,,3.321291293345188,,,,,,,,,,,,,,,,,,,,,,,,,,4.5998905683605775,,,,,,-11.72901990287942,,,,-7.27884549620409,-7.700704466178784,,
2022-03-01,12.477831617201696,,2.797391479911165,1.1323844134867755,,-23.413957870650783,,-20.05545460663571,,,4.950701258496534,,,3.3134800457635105,,9.895221751127263,0.08627767682885792,11.484426946631672,2.3599838481728246,15.698034861026988,2.7038831684500977,3.688472306346322,3.984063530520223,3.3171142068779864,3.8530251026314017,,19.85513830002019,0.05336832895888014,24.115733225654484,,,,5.598579985194158,5.672124638266371,19.015346254795077,-11.874150346591291,0.5345581802274716,,12.762635439800794,,-24.15573053368329,,,,,,,,0.19478430580792783,7.0160845278955515,,0.1676425062251834,23.794838145231846,,4.637559728110909,0.30580792785517197,,,,-10.103708190322363,3.773874419543711,,,22.289627834982166,3.0520896426408237,0.0621172353455818,2.8685645063597818,,,,,,,2.4674655091190525,,-22.542297597415708,3.087388787939969,,,,1.907126993741167,,,,-12.462413352177132,2.7814792381721514,15659.663772813985,,8.757108822935596,,,0.07167373309105593,17.541975233864996,2.3826314018440002,,4.741732283464566,,31.067945352984722,,,9.217248805437782,-25.09172891850057,-169.26448616999798,17.233864997644524,,,-9.956928460865468,,,,-26.296520627229288,14.978767077192273,,3.159297395517868,,,,,,,,,,,,,,,,,,,,,,,,,,4.63254593175853,,,,,,-11.9090786728582,,,,-7.381115822060704,-7.205599300087489,,
2022-04-01,12.70988567585743,,2.623470073974445,1.2351445864156019,,-22.81277740416947,,,,,4.553328850033624,,,3.2706792199058508,,9.861936785474109,0.08984532616005379,11.16271015467384,2.303429724277068,16.042131809011433,2.649495628782784,3.5817417619367853,4.269939475453934,3.293073301950235,3.564963012777404,,19.7946200403497,0.05951580363147276,23.59216543375925,,,,6.149717552118359,5.815198386012105,20.27871553463349,,0.5410894418291863,,12.966408876933423,,-24.668796234028246,,,,,,,,0.1681035642232683,7.143308675184936,,0.16005379959650304,23.151311365164762,,5.116314727639543,0.29226630800269,,,,,3.7671149966375252,,,23.303866845998655,3.0620040349697377,0.06220578345662407,2.8591123066577,,,,,,,2.4773369199731,,-23.094418291862812,2.8683591123066576,,,,1.9070611970410223,,,,,2.7728984532616003,15682.694418279018,,8.181775386684599,,,0.06644250168123739,16.558944182918626,2.1536650975117686,,4.834633490248823,,30.27404169468729,,,9.534095494283793,-25.59166106254203,-167.8755279085407,17.98638197713517,,,,,,,-25.784330867518495,16.13728984532616,,3.4181371889710825,,,,,,,,,2.5087622464468056,,4.435245237130117,,,10.100121605188487,,1.7237535468179976,2.9494325091203892,,,,,,-3.1362991487636807,,,4.535709482178883,,0.7422999327505043,,,,-13.063483523873572,0.6036314727639542,,,-11.11156691324815,-8.461129791526563,,
2022-05-01,12.323118858527392,,2.7432137568986406,1.1407120743034056,,-23.86377708978328,,,,,4.515712074303406,,,3.2605330461704134,,9.501817202853681,0.09005249697132858,11.207733207699556,2.1692690806299635,15.692219679633867,2.5892448512585813,3.5085139318885448,4.434156683268273,3.202180643424418,3.732029882891372,,19.85751783550949,0.05108359133126935,22.584099475030285,,,,6.9030757840893795,6.119565217391305,22.070914658769688,,0.5252389285233544,,12.433059631175125,,-23.73892852335442,,,,,,,,0.28439224660115764,7.444676268676807,,0.17337461300309598,21.81915466415399,,5.479075245658905,0.31067438417014404,,,,,3.7815318347018443,,,24.08199892313905,3.0231525104320904,0.06636155606407322,2.82729842509086,,,,,,,2.470981962579082,,-22.96042536007538,3.008816799030825,,,,1.890429398303944,,,,,2.741620675730246,15695.360479269957,,8.024263023287117,,,0.07046708843720555,14.1150222102571,2.2276174451473953,,4.842778301251851,,29.499730784762416,,,9.319356575582178,-24.906245793511914,-160.69008614887602,17.918764302059497,,,,,,,-25.03466146183874,16.240308251447033,,3.502025844662808,,,,,,,,,,,,,,,,,,,,,,,,,,4.504643962848297,,0.6731727015749092,,,,-15.085812356979405,0.5503201887428378,,,-10.822519854623772,-10.295665634674922,,
2022-06-01,12.401843810541788,,2.2944084441178436,0.7896586278308504,,-23.254058387333824,,,,,3.3109158928452134,,,3.2159128866323736,,9.48490213107088,0.09533034938873672,11.676665107889638,1.9916494087781416,15.458581067539582,2.166744605518071,3.678635847417997,5.382998196272297,3.102344846015098,3.8631171086912954,,18.974814616874873,0.04442514530028726,17.003807869597168,,,,8.329327276371167,6.064199345313648,31.56605651680139,,0.5271561226534839,,13.07642461086245,,-23.772663504576123,,,,,,,,-2.1017903667579665,7.896552875943617,,0.16160064132540583,20.043489879083438,,7.8404836662435695,0.31358140156323067,,,,,3.786291669450197,,,26.530897187520875,2.8583071681475047,0.07134745139955909,2.657892978822901,,,,,,,2.1573886031131004,,-21.76204155254192,2.841772997528225,,,,2.0448259736789365,,,,,2.6254926848820896,15578.974280151713,,7.864854031665442,,,0.07087981829113502,9.62727303093059,1.921571247244305,,5.411149709399425,,28.53607455407843,,,9.017870265214777,-24.170619279845013,-158.8157659162269,18.78508918431425,,,,,,,-23.124524016300356,17.842608056650413,,3.6482730977353195,,,,,,,,,,,,,,,,,,,,,,,,,,4.571046830115572,,0.6422606720555816,,,,-9.322132406974413,0.5405170686084575,,,-9.58487540917897,-8.42240630636649,,
2022-07-01,13.546501939376526,,2.597548244983958,0.6823732222381842,,-19.900205909112675,,,,,3.5155772638030935,,,3.1053967341857014,,10.650194416511038,0.0974476847196284,10.663946272087344,1.7557343293588086,15.572201790930421,2.1944165110376863,4.229607814969113,6.004410285878466,2.857443853852416,4.1742560934731605,,18.051598429344445,0.04750275343580903,16.12544174687545,,,,10.771833548819615,6.103025906239525,35.23484599913805,,0.5347890628741081,,14.175511181343678,,-25.74151223483216,,,,,,,,-2.2689220897380644,9.899726571852703,,0.17349039888904852,18.214834554422257,,8.562007374419384,0.3242350237034909,,,,,3.6848154000861943,,,24.740482689268784,2.824498395824355,0.06335296652779773,2.629698798065412,,,,,,,2.489400756596275,,-23.094766077670833,3.3705071110472633,,,,2.0119235741991095,,,,,2.530287793899344,12728.522722175216,,7.696757649762966,,,0.06976966910884451,8.918881386773931,2.3225068237322226,,5.833261025714696,,26.02655221950869,,,10.020758032849686,-27.075994828329264,-146.01257003304124,17.894976775367525,,,,,,,-25.35852128525595,21.46122204664081,,4.471273284489777,,,,,,,,,2.5397099447513813,,4.720945502298096,,,12.607556870543727,,1.7263423388465828,2.9483475596410593,,,,,,-5.374553148026556,,,,,0.6861083177704352,,,,-9.107838912033712,0.5811904419863047,,,-8.216443997509936,-7.079873581381985,,
2022-08-01,13.019429361745722,,2.453247618071919,0.7091127958201003,,-22.82132978178465,,,,,3.6701516238090357,,,3.172164737219547,,10.531810265341665,0.09143530375986067,10.588746030119864,1.8129802274357136,15.761709865792438,2.3346993135949186,4.09723388997029,5.651587952054093,2.856162278455076,4.0844278250179284,,18.026503432025407,0.05081446573097019,15.897530990677183,,,,10.645236143837721,5.9500102448519625,34.824643991394325,,0.5239729535908206,,13.506172523307038,,-26.838028890482533,,,,,,,,-1.8595635693064236,9.706484991291877,,0.16857903903288599,19.03981661714988,,7.979254174777174,0.3308574941092101,,,,,3.701003995492265,,,24.964463169757195,2.927825017928491,0.06085442065362155,2.6480381108492983,,,,,,,2.3698903800840077,,-25.938223542669807,3.211535703309087,,,,2.0357033090871837,,,,,2.536676570023563,13615.907181962453,,7.563267083290647,,,0.06602807089437558,9.751608441758016,2.151041901444524,,5.549036983915583,,26.33829013420756,,,10.189780760168015,-27.22620633131851,-143.24813543694293,18.146941911689375,,,,,,,-26.26636615100912,20.714404261858416,,4.292659563569306,,,,,,,,,,,,,,,,,,,,,,,,,,,,,,,,-8.660229484683946,,,,-7.584673701465014,-7.61371785677697,,
2022-09-01,12.909074733096086,,2.3093543467208946,0.7121453990849008,,-23.712913065582104,,,,,3.3082358922216573,,,3.199288256227758,,10.279816980172852,0.0929334011184545,10.063904422979157,1.7566344687341129,16.39217081850534,2.2639552618200307,4.045144890696492,5.67443314692425,2.7886629384850026,3.9614641586171837,,18.27864768683274,0.05236400610066091,15.565378749364514,,,,10.981733604473819,5.759989832231825,36.936858159633964,,0.5147432638535842,,13.436705643111337,,-27.039654295882055,,,,,,,,-2.091514997458058,9.53823080833757,,0.17783426537874936,19.229181494661923,,8.399522114895781,0.34102694458566346,,,,,3.7112353838332486,,,25.288612099644126,2.9251143873919676,0.05968479918657855,2.627402135231317,,,,,,,2.0760549059481446,,-25.911387900355873,3.3927808845958314,,,,2.0398068124046773,,,,,2.50757498729029,13513.459074689781,,7.312048805287239,,,0.0661413319776309,9.273411286222673,1.9157092018301982,,5.640569395017794,,26.129232333502795,,,11.488967971530249,-28.393950177935942,-139.7286222674123,18.99908490086426,,,,,,,-27.020284697508895,20.49450940518556,,4.147102186070158,,,,,,,,,,,,,,,,,,,,,,,,,,,,,,,,-9.691408235892222,,,,-8.006151499745807,-8.556634468734114,,
2022-10-01,13.020254534212697,20.4719703215169,,0.6791941467436109,,-22.339705276174772,,,,5.28441879637263,,,1.5604905193734542,3.2261953833470733,,,0.104080791426216,,1.6660140148392415,,2.2527308326463316,,5.7908748969497115,2.728720115416323,,2.6780193734542457,,0.0533800494641385,,,2.054462077493817,4.614643446001649,11.77712283594394,,,,0.48449093157460843,,13.760665704863973,,-25.471197444352843,,,16.630873866446827,,21.533748969497115,3.4792353668590272,3.199917559769167,-2.6417611294311625,,6.036273701566365,0.1875,,3.883295548227535,8.596218054410553,0.3711356141797197,,7.292817394888706,23.44888705688376,,3.6869332234130257,,16.956049051937345,,2.885923330585326,0.06229389942291839,2.5869229183841713,13.220373042044518,,17.160191673536687,8.993147155812036,,1.811984748557296,,,-24.740673948887057,,7.506079967023908,,24.62633965375103,2.071826051112943,17.08553173948887,,6.884016900247321,,2.473309975267931,13695.885202006595,3.06121187139324,,,6.949093157460841,0.06832234130255564,,,5.16462283594394,,,,12.16714756801319,,,-27.774989694971147,-142.7675494641385,,,,,11.22573165704864,12.640096867271229,,-26.06631286067601,,,3.9474340478153342,1.370929513602638,,,,,,,,2.558156779661017,,4.213916089483321,,,11.603898472924376,,1.7456611247198623,2.929862272112093,,,,,,-5.735610222116073,,,,,,,,,-8.247784418796373,,,,-6.591354080791426,-7.701411788953009,,
2022-11-01,13.134713665286336,19.39213210786789,,0.7661397838602162,,-24.734824765175233,,,3.1065043934956065,5.28007271992728,,,1.8420866579133421,3.2156347843652155,,,0.1005958994041006,,1.6553883446116553,,2.3075951924048077,,5.846990203009797,2.679123320876679,,2.7365922634077364,,0.04974245025754974,,1.7475002524997476,2.3423896576103425,4.819159680840319,12.233996566003434,,,,0.48712251287748715,,13.794338955661045,,-28.56317543682456,,,16.692960307039694,,21.128320371679628,3.311029188970811,3.347035652964347,-2.554989395010605,,5.918493081506918,0.18538531461468538,,3.8453691546308453,8.500409049590951,0.3628926371073629,,8.142308857691143,23.9011210988789,,3.654277345722654,,17.283658216341784,,2.91000908999091,0.06155943844056156,2.579133420866579,14.05953944046056,,16.8996566003434,9.001767498232502,,1.958085041914958,,,-26.703767296232705,,7.356630643369357,,23.97177052822947,2.054388445611554,17.61246338753661,,7.012069487930512,,2.4596000403999594,13423.37844661706,3.3342591657408343,,4.85988284011716,7.387637612362387,0.06494293505706494,,,5.123270376729623,,,,11.885516614483386,,,-30.592566407433594,-146.6474245025755,,,,,11.193667306332694,12.958539541460459,,-28.393899606100394,,,4.219846480153519,1.5172709827290172,,,,,,,,,,,,,,,,,,,,,,,,,,,,,,,-10.79093020906979,,,,-8.652560347439653,-8.758307241692759,,
2022-12-01,13.13661638568471,19.807699891550822,,0.5177117223701074,,-21.991028295376122,,,3.155131617864537,5.115350488021296,,,1.8892339544513457,3.2001873213053336,,,0.10376614413881495,,1.658286503007,,2.2478063689243815,,5.893552203490092,2.660504781622794,,2.8199743665582173,,0.054914719510992804,,1.7394755003450655,2.2809819580005914,4.8857340037464265,12.728443261362516,,,,0.4901902790101548,,14.035793157842846,,-24.40007887212856,,,15.382628413684314,,20.233461500542244,3.4800847875382037,3.5447106378783397,-3.3693236714975847,,6.283200236616386,0.18702553485162182,,4.009020999704229,9.221152518978606,0.3515725130631963,,7.470077886226955,23.353889381839693,,3.631568569456768,,16.1457162575175,,2.9289164941338854,0.06260475204574584,2.5247954254165434,12.742383910085774,,16.55136547372572,8.70250419008183,,1.971211673075027,,,-23.360001971803214,,7.767918761707581,,26.344375431331954,2.0837030464359656,17.119195504288673,,6.84723454599231,,2.409839298038056,13103.112491319926,3.16030760130139,,4.787646652864044,7.825396825396825,0.06758355516119491,,,4.984472049689441,,,,11.96583850931677,,,-26.318692694469092,-148.48258404811202,,,,,11.337079759440007,13.601843636005126,,-24.899290150842948,,,4.161224489795918,1.4670215912451938,,,,,,,,,,,,,,,,,,,,,,,,,,,,,,,-8.659518880015774,,,,-7.414029379867889,-7.7852706299911265,,
2023-01-01,13.260184336490477,20.19762704959772,,0.7431714023831347,,-23.322079641511355,,,3.23816070882982,5.186933496282717,,,1.8464711274060495,3.268459109888991,,,0.10846318362358692,,1.5752622466646298,,2.2299623179549855,,5.888644464813117,2.5970058050717997,,3.537783888379672,,0.054486200224055405,,,2.3135247988593544,4.963998370506162,13.92622466646298,,,,0.4684285568795193,,14.27602097973317,,-27.321621346369284,,,15.136979325796924,,20.029076280680314,4.367909155718505,3.973520725124758,-3.3377278745289747,,6.946226703330278,0.19584479071188513,,4.791832162134637,9.625099297280784,0.3763621550056014,,7.21875954781546,22.425654343619513,,3.604542214074753,,15.48915368163764,,2.944902739586516,0.0631428862409614,2.5209288114879316,12.881454323250841,,15.347693247784907,8.788980547917303,,1.8705061615235767,,,-25.86220592728384,,7.700987880639576,,26.956207353090946,2.0882472756899886,17.761075465933395,,8.094357877584276,,2.3738669925654343,13535.479173014359,3.0261737447805275,,4.4438079234137895,7.938181077502801,0.06950809654750993,,,5.208880741419697,,,,10.995620735309094,,,-29.689224971993074,-148.8052551176291,,,,,11.88058865464915,12.320144617578165,,-27.255117629086467,,,3.6790355433343516,1.4741317853141869,,,,,,,,2.5363413855485795,,4.339913146466641,,,7.583642346059435,,1.7292003969290228,2.920963284642716,,,,,,-4.788630082905645,,,,,,,,,,,,,,,,
2023-02-01,13.204142645783378,18.966838426610888,,0.8629355645120148,,-25.18871486148666,,,3.2794755369624,5.030355594102342,,,2.1046885362991685,3.319065353808479,,,0.10484158971481047,,1.6334370695372684,,2.3883475332891178,,5.571389214835978,2.644814040099995,,3.270241314218662,,0.05295648181215244,,1.730523952859548,2.5634916585888474,4.92143257997041,13.764588541400949,,,,0.4465588490383144,,13.96702719249018,,-27.560583643691647,,,14.990255599204122,,19.771695321667263,4.107086373144227,3.8566399673486047,-2.7906025202795774,,6.743635528799551,0.19177592979950003,,4.769399520432631,8.819922452936074,0.3878373552369777,,7.917453191163716,22.588592418754146,,3.6355798173562572,,15.16131830008673,,3.021529513800316,0.06382327432273864,2.5817560328554667,13.231722871282077,,14.832865670118872,8.461047905719097,,2.057548084281414,,,-25.936227743482476,,8.627467986327229,,25.47696546094587,2.111269833171777,18.31171878985766,,8.302535584919136,,2.407479210244375,13561.029539360849,3.696444058976583,,4.24439569409724,7.586806795571655,0.06841487679200041,,,4.95469618896995,,,,10.838732717718484,,,-29.370032141217283,-152.14091117800112,,,,,12.01663180449977,13.083567164940565,,-29.063517167491455,,,3.7703637569511756,1.6051732054487016,,,,,,,,,,,,,,,,,,,,,,,,,,,,,,,,,,,,,,
2023-03-01,12.876353591160221,18.91988950276243,,0.9464389753892516,,-23.453792064289303,,,3.290909090909091,4.975188347564038,,,2.234153691612255,3.364741336012054,,,0.10070316423907584,,1.6744851833249623,,2.506880964339528,,5.4382320441988945,2.6568056253139125,,3.421396283274736,,0.05424409844299347,,1.7541938724259167,2.7777498744349574,4.762179809141135,13.445328980411853,,,,0.4937719738824711,,13.460894023103968,,-26.461074836765444,,,15.37468608739327,,20.452887995981918,4.437820190858865,3.773229532898041,-2.3125715720743347,,7.568910095429432,0.17815168257157207,,4.965193370165746,7.909904570567554,0.35082872928176795,,8.575690607734806,22.047714716223002,,3.630487192365645,,15.196885986941236,,3.041135107985937,0.060673028628829735,2.6235560020090407,13.534003013561025,,14.715067805123054,8.540683073832245,,2.179156202913109,,,-25.0292817679558,,8.335811150175791,,23.46690105474636,2.106880964339528,18.145253641386237,,8.361476644902059,,2.432546459065796,13350.564540465344,3.9047714716223005,,4.197774987443496,7.141687594173782,0.06559517830236063,,,4.85238573581115,,,,11.136514314414867,,,-26.77021597187343,-143.97060271220494,,,,,12.579558011049723,12.6101958814666,,-27.057659467604218,,,3.4478151682571574,1.6807132094424913,,,,,,,,,,,,,,,,,,,,,,,,,,,,,,,,,,,,,,
2023-04-01,12.687216400447655,18.150269610336757,,1.1936870485298605,,-26.22499745650626,,,3.351917794282226,4.870180079357005,,,2.276477769864686,3.413063383864076,0.11379591006206125,,0.09965408485095127,,1.6885746261064198,,2.5902431580018312,,4.624778716044358,2.6360260453759286,,3.6568318241937123,,0.05651643096957981,,,3.0855631295147012,4.241937124834673,13.243005392206735,,,,0.4883507986570353,0.5072743921049955,13.13320785430868,0.18399633736901008,-28.865143961745854,0.2826838945976193,,15.473547665072743,,21.07096347542985,4.708820836300743,3.9294943534438906,-1.937811577983518,,7.669498423033879,0.18908332485502086,,5.277189948112728,7.351859388512998,0.3553769457727134,,9.008647878726219,22.561043849832128,,3.6319055855122597,,15.309034489775156,,3.15550920744735,0.05712686946790111,2.662376640553464,14.209024315800184,,14.049547258113744,8.682215891748907,0.3700783396072846,2.3448977515515312,,0.0920236036219351,-27.601943229219657,,8.287313053209889,,21.31569844338183,2.1103367585715738,18.626411639027367,0.05198901210703022,8.97619289856547,,2.4574727846169497,13539.425577375323,4.417489062976905,,3.820322515006613,6.9550310306236645,0.06801302268796419,,,4.723013531386713,,,,10.937938752670668,0.11583070505646556,,-31.02721538305016,-143.50657238783194,,,0.36931529148438297,,12.474107233696206,11.170464950656221,,-30.587038355885646,,,2.9746668023196663,1.765591616644623,,,,,,,,2.5160423581476214,,3.8400341508848186,,,-0.3340174448435095,,1.7330425859415084,2.9977491462278794,,,,,,-9.5471126979199,,,,,,,,,,,,,,,,
2023-05-01,12.682732496059389,16.88844256877002,,1.1564193827223268,,-26.743885696852594,,,3.334112981135913,4.886561244724666,,,1.977525804647379,3.4072812325214827,,,0.10215081100320333,,1.705343977220725,,2.6430060507449027,,4.826501245741598,2.6272436060405755,,3.4627040219657292,,0.0512533685869731,,1.7444958560024406,3.2969441195911933,4.122438602735547,13.432724869070016,,,,0.4731784207047338,,13.150216098032237,,-29.119286113794683,,,16.23557227843596,,21.180302028779174,4.7309706615142115,3.5551431331672343,-1.5751461839629837,,7.0342706055829565,0.19321706411755732,,5.172929272385214,7.172308943916204,0.37656988864595514,,9.14633650277114,22.91925560583719,,3.6779885086693445,,15.363248080541007,,3.158082066405654,0.05654141455229572,2.678395281435908,14.837697666141251,,15.00874561448111,9.146031423196217,,2.526923272486907,,,-27.463059948136472,,7.593735699394926,,20.423704682971476,2.074185183301978,18.77530889306961,,8.794325519906442,,2.462144709411705,13533.229674118615,4.622616565820918,,4.051492347587329,6.549143234860426,0.0657446483957899,,,4.6370061524380946,,,,10.405501601667769,,,-30.444551787257844,-141.96725479229167,,,,,12.479991864544669,10.951695733970611,,-29.97767834443484,,,3.3050134743478923,1.7904103320282707,,,,,,,,,,,,,,,,,,,,,,,,,,,,,,,,,,,,,,
2023-06-01,12.93301856955677,18.03388605250079,,1.250201057244838,,-27.24312113134234,,,3.3283332580309946,4.9511137215921925,,,2.097998463832287,3.381692495368906,,,0.10739619572583925,,1.6845886233226404,,2.62228346812452,,5.004735011069444,2.5893914064970858,,3.5787285953101704,,0.06045271766141056,,1.7230831789635386,3.3152758324673566,4.445127185650386,14.052048976641215,,,,0.46753716170424253,,13.364017530384492,,-28.626937152667963,,,16.502552749288395,,20.29770026657028,4.822346722089188,3.9022726245877197,-1.6949306465458818,,6.862874440880134,0.19193060136447837,,5.334432747481137,7.419071070347444,0.37197849365201285,,9.005331405593457,22.201147607644693,,3.6783084082591606,,15.668278136718927,,3.1347309447431435,0.0570641124113315,2.6894682148827544,14.610581484660914,,15.131477883703068,8.962860886459133,,2.4735011069443815,,,-27.81073510143225,,7.695658067139566,,20.49356165002485,2.065196765011521,17.109293814665882,,8.34229431166132,,2.468666696787602,12025.393213811281,4.628970315818009,,4.2085438033705325,6.576695432160123,0.06799801201825328,,,4.888356752360728,,,,11.087290471242037,,,-31.146975105046764,-144.80020783445534,,,,,12.492612840554827,11.085754303528667,,-30.886052500790676,,,3.2488049518818056,1.9641711471558307,,,,,,,,,,,,,,,,,,,,,,,,,,,,,,,,,,,,,,
2023-07-01,12.512389700190928,16.654058516951338,,1.2177718148511276,,-19.64507972547603,,,3.3402136333144123,10.053975953351566,,,1.8901388100521184,3.427782651323598,,,0.11104804169461789,,1.7325455389854998,,2.7669126373909902,,4.623329377160844,2.583569843645183,,3.7847154135920325,,0.048402910366891996,,,3.6169048970535114,6.984261313793281,13.548877651065586,,,,0.4656071004695805,,12.840683213788122,,-19.937819288921,,,11.674441405645286,,21.72382475875948,5.199649104700965,3.507559729604211,-1.3523659631559937,,3.659528355436297,0.20511894318592291,,5.933020279684194,6.578275452809742,0.38500438619123795,,10.0379276536457,21.225089013881004,,3.694824294339233,,15.627638165023995,,3.178234171009856,0.05975540533567263,2.7086536973012025,15.578874038908097,,15.08122194127664,13.2441818463285,,2.634243253005831,,,-19.485577171164664,,3.9940657412663194,,17.993601321017596,2.049950977862635,17.688786831105837,,9.341658496310439,,2.4902729759017492,13734.353062554348,5.3045564786624695,,3.8177408535012125,8.37819288920997,0.06950823055885237,,,9.276794468238815,,,,10.581247742401569,,,-22.044842355126683,-133.07217090665154,,,,,7.299860673925383,9.777594303111616,,-22.447959131018113,,,2.816626244904278,1.8292481552195676,,,,,,2.5703839122486287,,,,4.501322339763535,,,,,1.7158765676224177,3.1441350342252643,,35.42457199354738,,,,-8.434738643434972,,,,,,,,,,,,,,,,
2023-08-01,12.284494738931905,16.272781417510423,,1.317833035537026,,-17.70994639666468,,,3.3318443517967045,4.945006948580504,,,1.9763748262854874,3.431407583879293,,,0.10646217986896962,,1.8122890609489775,,2.823108993448481,,4.637155052610681,2.62929323009728,,3.7244887830057576,,0.049434187016081,,1.7328767123287672,3.865147905499305,4.2032956124677385,12.697697041890015,,,,0.4708655945999603,,12.55987194758785,,-18.51573357157038,,,17.166765932102443,,22.06159420289855,5.131080007941235,3.636887035934088,-1.1295066507841969,,7.722652372443915,0.1966448282707961,,5.967292038912051,6.145131030375223,0.3792435973793925,,10.788167560055589,24.107008139765732,,3.6772880682946196,,15.849513599364702,,3.188157633512011,0.05524121500893389,2.7384852094500696,15.90381179273377,,16.007246376811594,9.700416914830257,,2.885100258090133,,,-18.404357752630535,,7.783899146317252,,17.631675600555887,2.0628350208457413,18.481238832638475,,9.790698828667859,,2.5046654754814375,13210.146317321924,5.8475779233670835,,3.7601300377208657,5.773178479253524,0.0631328171530673,,,4.435973793924956,,,,10.879541393686718,,,-20.325392098471312,-131.47692078618226,,,,,14.108199324995036,10.440192574945405,,-20.05767321818543,,,2.756412547151082,2.019158229104626,,,,,,,,,,,,,,,,,,,,,,,,,,,,,,,,,,,,,,
2023-09-01,12.186904987673051,15.613976863265693,,1.3518727479613124,,-19.61440356533283,,,3.3397496681206142,5.430589797079461,,,2.055044566660345,3.3977337379101082,,,0.10947278589038498,,1.8454864403565332,,2.8963588090271193,,4.487255831594918,2.6422814337189457,,4.055992793476199,,0.050872368670586005,,1.7321733358619382,4.555755736772236,4.188554902332638,12.224758202161958,,,,0.47131613882040585,,12.441394841646122,,-21.252370567039637,,,16.444433908590934,,20.538308363360517,5.425279726910677,3.670396358809027,-1.0300303432581075,,7.6685947278589035,0.19405461786459322,,5.941921107528921,5.696889816043998,0.36833870661862317,,11.678314052721412,23.205954864403566,,3.668594727858904,,15.755262658827991,,3.212023516025033,0.062345913142423666,2.7681585435236107,16.13104494595107,,15.287407547885454,10.445666603451546,,3.1916840508249575,,,-20.459131424236677,,7.053764460458941,,16.28171818699033,2.0570358429736393,18.076806372084203,,9.698321638535937,,2.537265313863076,12618.908970510525,6.663284657690119,,3.732604779063152,6.094538213540679,0.06798786269675706,,,4.901621467855111,,,,11.000094822681586,,,-23.47662620898919,-130.54669068841267,,,,,12.900768063720841,9.846529489853973,,-22.675943485681774,,,2.7572539351412857,2.1888393703773943,,,,,,,,,,,,,,,,,,,,,,,,,,,,,,,,,,,,,,
2023-10-01,11.916217873384088,14.398906545398804,,1.3480762352460274,,-19.288539165091205,,,3.26779418527413,5.469265750344898,,,2.1138930049563127,3.403351898216749,,,0.11440396505032957,,1.8251494558274999,,2.8753768330693372,,4.6060497675131575,2.65091206376782,,3.971590618772674,,0.05319094578713403,,,4.480660160441469,4.1783250728118135,12.034474477543304,,,,0.46333861325430487,,12.205344642583414,,-21.003832200705126,,,17.37913238976036,,20.454243523580807,4.992795462674365,3.5985386541311124,-0.9400081753615044,,6.598845230187522,0.2024423892493996,,5.798783914976241,5.690690307087016,0.3791834857697614,,12.61897705789178,23.5613918552961,,3.6583720811404628,,16.65770783301824,,3.140003065760564,0.0639722037708855,2.7571917633232843,17.494609371008124,,15.25491799090491,10.704103009554954,,3.158448725154565,,,-20.58065505084053,,6.564866383935414,,14.90245771805222,2.0610597312349905,19.19385825966992,,9.888508507485565,,2.5536763578764496,13599.613100993714,6.97976598027694,,3.991845076899494,6.060191099075162,0.06846865259823208,,,4.918910633079556,,,,9.57207092126105,,,-22.98124776454959,-134.20051606969494,,,,,12.258443615553626,9.25026825404936,,-22.066833580297377,,,2.8429308670992794,2.1335138725665526,,,,,,2.605643919958953,,,,,,,,,1.7362794741956933,,,34.6827783745077,,,,-5.691137872471823,,,,,,,,,,,,,,,,
2023-11-01,11.927525390141195,15.445429774585088,,1.41528858062918,0.3176616299232103,-17.79331186524647,,,3.264949219717612,5.431904879861283,,,2.049739905870696,3.39281644785732,,,0.1182065890512757,,1.8682189744860045,,2.8198662373049292,,4.83832053505078,2.675600693584345,,3.6200148625216744,,0.055387664107010154,,1.7119147882090662,3.7729502105523904,4.369432747089423,11.863121129551647,,,,0.45722070844686646,,12.272717364379488,,-19.430468169432746,,,16.92846172900669,,20.17007678969532,4.860242754520684,3.450730740648997,-1.2169284121872679,,7.4169432747089425,0.20133762695070598,,5.470052018825861,6.046559326232351,0.36888778796135746,0.15729502105523904,12.841862769383205,24.27005201882586,,3.649343571959376,0.062373049294030224,16.825860787713648,,3.130592023780035,0.06821897448600446,2.758731731483775,18.036908595491703,0.10071835521426802,15.992321030468169,10.681595243993064,,2.660440921476344,,,-19.129502105523905,,7.057121624969036,0.2364131781025514,16.637354471141936,2.082387911815705,19.658310626703,,9.430963586821898,,2.554619767153827,13185.931533563982,6.449244488481546,,4.056537032449839,6.170027247956403,0.07163735447114193,,,4.800148625216745,,0.15853356452811493,,10.461283131037899,,,-21.497052266534556,-134.2449145405004,,0.33534803071587815,,,12.81966807034927,10.13044339856329,,-20.763537280158534,,0.28719346049046324,3.018721823135992,1.9306911072578647,0.46970522665345554,,,,,,,,,,,,,,,,,,,,,,,,,,,,,,,,,,,,,
2023-12-01,12.047350596571667,15.718178502579065,,1.285327984160892,,-16.924920543948314,,,3.244776741520346,5.7590788308237375,,,1.928150888344709,3.372219038191007,,,0.12134632418069087,,1.765591621945501,,2.7154170791434376,,5.00207367269317,2.6261657896107957,,3.823737821080602,,0.0567394362528005,,1.7197936747772626,3.6701401552649404,4.436930130776846,11.99211170739332,,,,0.44511019642578026,,12.510712238837076,,-18.214661595373315,,,17.692439952065858,,21.344500599176783,5.084978898556765,3.624915333715417,-1.6076225707289116,,7.17006200177148,0.20814880425155005,,5.903089668108165,6.42704110873756,0.38670348564580836,,12.109310686187673,23.78856874902308,,3.619809305475955,,16.93617464700672,,3.08529151253061,0.07127598603657584,2.707184911165529,18.246652425363415,,15.170947741364039,10.887094253113114,,2.553587245349867,,,-17.111030063043817,,6.7772104413067265,,16.77486583650289,2.0919606106392954,19.464231751159275,,9.414838743291826,,2.5075808888657325,13867.453133888554,5.851143646120982,,4.048064398478612,6.337623091752201,0.07435002344604803,,,5.07309956755067,,,,10.5967800760694,,,-19.909550356900954,-130.06097535559837,,,,,12.021101443234512,9.9519095503569,,-19.03756577919033,,,2.926004272390976,1.8139946855624447,,,,,,,,,,,,,,,,,,,,,,,,,,,,,,,,,,,,,,
2024-01-01,12.11047125788421,15.075585867391416,,1.2560791754269012,0.3751089687708323,-16.37028870314343,,,3.2568073432131683,5.583354699758987,,,2.0516383775191014,3.3811086610943026,,,0.12142967027331932,,1.740526126865289,,2.717193990051792,,5.011558381621455,2.6238654427978054,,4.106199682067587,,0.05045895082303472,,,3.7929849751294804,4.392851648633403,12.051976821701452,,,,0.4457720116917081,,12.598861596841187,,-19.452438336495565,,,18.05845854058766,,21.18511871186093,5.174862827547305,3.8209322598841085,-1.692123480847136,,6.748371878365212,0.2168606738115994,,5.899800010255884,6.38651864006974,0.39474898723142404,0.1811701964001846,12.520434849494897,24.09461053279319,,3.6008922619352854,0.07717552946002769,17.15368442643967,,3.079431824009025,0.06143274703861341,2.7037075021793755,19.08563663401877,0.10912260909696939,15.189938977488334,10.025075637146813,,2.4656684272601406,,,-17.72606532998308,,6.669196451464027,0.18752884467463207,16.19470796369417,2.0852776780677913,19.445310496897594,,9.489256961181479,,2.497512948053946,13648.429721552639,5.996923234705912,,3.9682939336444285,6.327675503820317,0.07276549920516896,,,5.081226603763909,,0.14645402799856416,,10.017332444490027,,,-20.492897800112814,-125.57224244910516,,0.3697246295061792,,,12.96169427208861,9.652581918875955,,-19.000615353058816,,0.30490744064406955,2.7511460950720474,1.6265832521409158,0.516024819240039,,,,,2.5822692448011675,,,,,,,,,1.7293628088426527,,,35.57534460338101,,,,-1.2487597448618002,,,,,,,,,,,,,,,,
2024-02-01,12.08953853828885,14.111848341232227,,1.4860064854078323,,-18.091494138189073,,,3.2721875779496132,5.7437765028685455,,,1.7912197555500124,3.4105263157894736,,,0.11908206535295585,,1.8306310800698429,,2.8061860813170365,,4.949488650536293,2.6473434771763533,,3.6158144175604887,,0.04444998752806186,,1.7242703916188575,4.0157645298079325,4.132851085058618,11.571826980642587,,,,0.4641057620354203,,12.592856073833874,,-20.515739585931655,,,18.979496133699175,,20.150062359690697,4.804988775255675,3.5449738089299077,-1.5767074083312547,,6.627987029184335,0.20648540783237715,,5.6196557745073585,6.084973808929908,0.3747069094537291,,13.671090047393365,23.96807183836368,,3.6123721626340735,,18.1352955849339,,3.1205288101771016,0.06091294587178848,2.7485158393614366,20.51688700424046,,15.328959840359191,10.485956597655276,,2.508855076078823,,,-18.16438014467448,,6.263706660014966,,14.963881267148915,2.0918932402095285,20.403641805936644,,9.733050636068844,,2.527513095535046,13278.0258421551,6.4822150162135195,,4.0013020703417315,6.028485906709903,0.06580194562234971,,,4.79800448989773,,,,9.554103267647793,,,-21.19920179595909,-123.26807682713894,,,,,12.817610376652532,9.139935145921676,,-19.215315540034922,,,2.893185333000748,1.6722374657021701,,,,,,,,,,,,,,,,,,,,,,,,,,,,,,,,,,,,,,
2024-03-01,11.778952220003074,13.807855789419778,,1.5548420136221643,,-16.22768474420034,,,3.2564654068725356,5.406053157166999,,,1.6935525170277053,3.4256670251446715,,,0.11461053925334153,,1.8738669534490706,,2.834229528345368,,4.633645721308957,2.6629282531878937,,3.617811235724894,,0.045270650893634454,,1.7109298866492282,3.940082962052543,3.924822041276182,10.748502074051313,,,,0.4745736672299892,,12.185205100629897,,-17.886772161622368,,,19.54427203359451,,19.95467813796282,4.830132636861781,3.2726993393762482,-1.4140933067035386,,6.726583704614124,0.20279612843754802,,5.59573923285707,5.642418190198187,0.36595483177139343,,15.039176524811799,24.00860347211553,,3.5837046141240334,,18.504788241921442,,3.1020125979413122,0.06145337225380243,2.7724176780867515,21.427817893173554,,15.3886925795053,10.379423362523685,,2.385056588313617,,,-16.697956675372563,,6.044041583448559,,13.416602652737236,2.0729246684078455,20.92850924361141,,10.078557894197777,,2.575049930864956,13630.25697781016,6.700619654836893,,3.9082449941107185,5.7380037896246225,0.06626721974701695,,,4.922619962103754,,,,9.145029958518974,,,-19.984483023505916,-121.41232652225125,,,,,13.184513750192043,8.506529420801966,,-18.758283402468376,,,2.7598555845752033,1.5765350540277565,,,,,,,,,,,,,,,,,,,,,,,,,,,,,,,,,,,,,,
2024-04-01,11.724324859036502,13.122811356217232,,1.5150113760015826,0.3555247798990998,-17.156692056583243,,,3.1993767929567714,5.539766544663172,,,1.5773568107626867,3.4049856563458305,,,0.12389949549906025,,1.8931645068750618,,2.805371451182115,,4.604129983183302,2.6712335542585817,,3.5186962112968643,,0.044465327925610844,,,3.8696705905628646,3.8095261648036405,10.21219210604412,,,,0.4638440993174399,,12.098155109308538,,-18.706894846176674,,,19.021070333366307,,20.219408447917697,4.822633297062024,3.260757740627164,-1.190211692551192,,6.4639430210703335,0.21525373429617173,,5.712879612226729,5.550732020971411,0.3797606093579978,0.18023543377188644,14.78637847462657,25.16262736175685,,3.6009001879513307,0.07953308932634286,18.333020081115837,,3.081511524384212,0.06058957364724503,2.7894450489662677,22.997823721436344,0.10812147591255317,15.876051043624493,10.131516470471857,,2.3278761499653773,,,-17.669057275694925,,6.011376001582748,0.1913146700959541,12.902018003759027,2.061331486793946,21.300425363537443,,9.655406073795628,,2.609011771688594,13192.220496555445,6.52344445543575,,3.9913542387971113,5.8608170936789,0.06919576614897616,,,4.672816302304877,,0.16737560589573647,,9.214561282025917,,,-20.078346028291623,-121.24373330695418,,0.3640320506479375,,,13.244682955781977,8.237115441685626,,-20.28469680482738,,0.2996339895142942,2.7291868631912157,1.6106439806113364,0.5154812543278267,,,,,,,,,,,,,,1.7419891172914148,,,35.039046755340586,,,,1.5713518077838335,,,,,,,,,,,,,,,,
2024-05-01,11.677577030812326,12.700233426704015,,1.7264939309056957,,-16.422875816993464,,,3.192250233426704,5.368207282913165,,,1.7340802987861812,3.3984593837535013,,,0.12016806722689076,,1.9740429505135388,,2.8132586367880488,,4.717287581699346,2.7100840336134455,,3.2779645191409896,,0.045471521942110175,,1.7246498599439777,3.4706816059757237,3.7143790849673204,9.82998132586368,,,,0.4672268907563025,,12.05484126984127,,-19.483380018674136,,,19.492763772175536,,19.823062558356675,4.590289449112978,2.976610644257703,-1.126465919701214,,5.913025210084034,0.20672268907563024,,5.366199813258636,5.455756302521008,0.3722689075630252,,15.04640522875817,26.53174603174603,,3.6289449112978525,,19.007329598506068,,3.053641456582633,0.06489262371615313,2.8184407096171804,24.05168067226891,,15.775116713352007,10.385807656395892,,2.12390289449113,,,-17.09467787114846,,6.136741363211952,,13.035527544351075,2.0515406162464984,21.871755368814192,,9.42908496732026,,2.6392623716153127,12451.928758437534,6.303174603174603,,4.1530765639589164,5.493977591036415,0.07044817927170868,,,4.548459383753501,,,,9.125816993464053,,,-20.076237161531278,-123.34421101774043,,,,,12.27450980392157,8.444444444444445,,-19.644491129785248,,,2.9490522875816993,1.5210550887021475,,,,,,,,,,,,,,,,,,,,,,,,,,,,,,,,,,,,,,
2024-06-01,11.585531684774592,11.971682808121528,,1.62453665011553,,-16.999803352834178,,,3.1986627992724053,5.35465316356128,,,1.6641758025662454,3.414089769431198,,,0.1206430362322403,,2.0920308736050344,,2.864067646625043,,4.784209232584436,2.7593530308244434,,3.160562410894253,,0.0441964505186569,,1.74106484440293,3.5388623961457157,3.800501450272848,9.282724546482473,,,,0.4663979155400423,,11.931001425691953,,-19.803401995968734,,2.45287842288973,19.39575242121823,,19.138882060862297,4.524212182291922,3.0299395309965096,-1.218701145469741,,5.7862445307507,0.21154318863379382,,5.19109188338823,5.25594120249742,0.37269554102551494,,16.276092620815103,26.370778231158745,,3.6456909689789097,,19.55154613834128,,3.057273487045868,0.06022319453320879,2.8248856988348656,24.512757484882748,,15.916277469150977,10.65719482817954,,2.189322058895826,,,-16.957917506513937,,5.956393490978812,,12.272995427953395,2.0562902512167542,21.78373727938646,,9.693967848188388,,2.6532618848630842,13112.448454153777,6.923110958163315,,4.047696770070301,5.562214247087164,0.06563099159333366,,,4.466250430165675,,,,8.956000196647166,,,-19.81333267784278,-118.0915195909739,,,,,12.502089376136867,8.145027284794258,,-18.72203923110958,,,2.8372597217442603,1.5499237992232437,,,,,,,,,,,,,,,,,,,,,,,,,,,,,,,,,,,,,,
2024-07-01,11.759934868793657,12.193505757976213,,1.648541627336228,0.35123654898999435,-14.854587502359827,,,3.1789220313384936,5.1957239947139895,,,1.7389560128374553,3.3817727015291674,,,0.12327732678874835,,2.1386161978478384,,2.858457617519351,,4.931928450066075,2.776949216537663,,3.097744006041155,,0.04493109307154993,,,3.5348310364357185,3.8051255427600528,9.079389276949216,,,,0.45299225976968094,,12.188833301868982,,-17.718850292618463,,,19.006937889371343,,18.649896167642062,4.141683972059656,2.9382669435529545,-1.0461959599773456,,6.089626203511422,0.22149329809326035,,5.1049178780441755,5.387799697942231,0.38465168963564283,0.18033792712856334,16.66419671512177,26.315839154238247,,3.651925618274495,0.07914857466490466,19.0898621861431,,3.040022654332641,0.0639512931848216,2.833301868982443,24.22715688125354,0.10987351330942043,16.825986407400414,10.365914668680386,,2.0231262979044744,,,-16.246035491787804,,6.064092882763829,0.19841419671512175,12.362233339626204,2.055408721918067,21.40286954880121,,9.408816311119502,,2.676090239758354,12588.272323959081,7.0247309797998865,,4.296927506135549,5.4382669435529545,0.07372097413630357,,,4.361053426467812,,0.1807626958655843,,9.24466679252407,,,-19.22205965640929,-119.5578771002454,,0.3541155370964697,,,13.129979233528413,8.5513498206532,,-17.656456484802717,,0.294223145176515,3.119463847460827,1.5462525958089484,0.5029733811591467,,,,,,,,,,,,,,1.737325195828728,,,37.284588399250325,,,,0.9143695014662757,,,,,,,,,,,,,,,,
2024-08-01,11.547474981467754,11.468263528539659,,1.6317411045218682,,-16.747359154929576,,,3.17693661971831,5.1821719792438845,,,1.6738324684951815,3.4089603409933282,,,0.11846738324684952,,2.241011860637509,,2.8937638991845813,,4.826195329873981,2.8415956263899185,,2.782385100074129,,0.04387509266123054,,1.7443476649369904,3.367633432171979,3.7391123054114157,8.518768532246108,,,,0.4708117123795404,,11.873966827279467,,-18.936527057079317,,,19.093541512231283,,18.670913639733136,3.885053743513714,2.768254262416605,-0.8747359154929577,,5.713676797627873,0.20723684210526316,,4.872266493699036,5.131412157153447,0.36346367679762787,,17.58121756856931,26.378660118606376,,3.6589140103780577,,20.06481653076353,,3.0530948851000743,0.06444588584136397,2.845209414381023,25.03326538176427,,16.54216085989622,10.445051890289102,,2.035628243143069,,,-16.966919940696812,,5.958441438102298,,11.539844329132691,2.038500741289844,22.031134173461822,,9.636721645663455,,2.695468865826538,12357.316253075844,6.986332468495181,,4.27547257227576,5.573341363973314,0.06745737583395107,,,4.195561527057079,,,,8.989760934025204,,,-19.89779466271312,-119.95807079318013,,,,,13.528169014084508,8.224286508524834,,-19.007737212750186,,,3.1025620830244622,1.5284006671608599,,,,,,,,,,,,,,,,,,,,,,,,,,,,,,,,,,,,,,
2024-09-01,11.478905577346216,11.0569692911126,,1.5439156223093848,,-16.67760451545011,,,3.1731081986032716,5.23787429446092,,,1.649143786472783,3.3838132593513826,,,0.12178322012819286,,2.2824069645077967,,2.89601071462738,,4.686731081986033,2.857887687745145,,2.771644503970152,,0.047785324787142446,,1.738209126566536,3.461159475748589,3.5663445900698365,8.18949583851526,,,,0.42796326413469815,,11.833344494403521,,-18.72902516024108,,,19.294317420836123,,17.965703625753374,3.7450971013106287,2.716923371280972,-0.8623744379603941,,5.567588252176408,0.22055869128479863,,4.765713192384961,4.944967951784177,0.40170286042284514,,18.24763225868172,26.96025064574763,,3.656940591217832,,20.087869511145126,,3.052807806371377,0.06280493638189993,2.841720080359705,25.047115660575912,,16.39074906725342,10.930881086769348,,1.9810102362958002,,,-16.958241653113937,,5.857170190375968,,11.504639816320674,2.0441500047833157,22.156605759112217,,9.649669951210178,,2.7030517554768965,12758.074907034104,7.164306897541375,,4.135563952932173,5.515067444752702,0.07141490481201569,,,4.154740265952358,,,,8.969147613125418,,,-19.50066966421123,-126.0776045154501,,,,,12.409116999904334,8.238161293408591,,-18.9323160815077,,,3.155118147900124,1.5162154405433848,,,,,,,,,,,,,,,,,,,,,,,,,,,,,,,,,,,,,,
2024-10-01,11.298897272199651,10.69370284387696,,1.4610369510543626,0.3309150706132714,-15.314615979880054,,,3.164538595473012,5.347020700328883,,,1.5756916231379376,3.400319210679048,,,0.11975236989746565,,2.324530857032308,,2.8993035403366223,,4.6643886631843685,2.8900174114915846,,2.749806538982395,,0.04362545946991681,,,3.3256432578835367,3.634697233507448,7.7900174114915846,,,,0.4458309150706133,,11.746005029986458,,-17.848181466434514,,,19.21686980073515,,18.005320177984135,3.655784484426388,2.6744534726252662,-1.0005610369510543,,5.358918552911589,0.21720835751596054,,4.676920100599729,4.8665118978525825,0.3836815631650222,0.16792416328109885,18.976784677887405,27.04488295608435,,3.6549139098471657,0.07375701296188818,20.03192106790482,,3.042464693364287,0.06345521377442445,2.8505997291545753,25.556587347649447,0.10766105629715612,16.69109112013929,11.04725285355001,,1.9100889920680983,,,-15.929338363319792,,5.56524472818727,0.2333623524859741,10.966579609208745,2.0531050493325593,22.623621590249563,,9.537337976397756,,2.732346682143548,12899.995840903413,7.129231959760109,,4.028854710775779,5.269491197523699,0.0746759527955117,,,4.328109885858,,0.1678274327722964,,8.81568001547688,,,-18.340539756239117,-126.6641855291159,,0.3370574579222287,,,12.592522731669568,7.969626620236022,,-18.574095569742695,,0.2780034822983169,3.034963242406655,1.4905204101373573,0.4871832075836719,,,,,,,,,,,,,,1.7598938105304558,,,37.03642888746866,,,,1.7466066798840933,,,,,,,,,,,,,,,,
2024-11-01,11.079213066072755,10.598645137342242,,1.4611822568671122,,-15.534613956941351,,,3.138409428359317,5.213947661469933,,,1.5080734966592428,3.3898942093541202,,,0.11548812175204157,,2.3482739420935412,,2.8912397921306607,,4.744181514476615,2.9306792873051224,,2.453136599851522,,0.041156273199703046,,1.7492576095025985,3.0416666666666665,3.4664532293986636,7.445879732739421,,,,0.4767538975501114,,11.539096139569414,,-17.800668151447663,,,19.424600965107647,,18.144580549368968,3.390265404602821,2.3900334075723833,-1.050830549368968,,5.315376763177431,0.2118132887899035,,4.4675668151447665,4.82492576095026,0.3571362286562732,,19.803452115812917,27.9827858203415,,3.6668986636971046,,20.734270601336302,,3.014662212323682,0.061664810690423164,2.8557906458797326,26.341082034149963,,16.827533407572382,10.648710096510765,,1.7510207869339272,,,-15.837694877505568,,5.54431143281366,,10.456523756495917,2.057117668893838,23.136367854491464,,9.606486636971047,,2.7396993318485525,12375.664161392679,6.776401262063845,,4.185235708982925,5.257516703786192,0.06839272457312547,,,4.2591870824053455,,,,9.010207869339272,,,-18.355141054194505,-118.95951187824795,,,,,12.63873422420193,7.741369710467706,,-17.547466592427618,,,3.1635300668151447,1.3372772828507795,,,,,,,,,,,,,,,,,,,,,,,,,,,,,,,,,,,,,,
2024-12-01,11.166406469103487,9.9906048424792,,1.4645788538842666,,-14.331868748247173,,,3.1498083574834066,5.428998784705993,,,1.5929232495092083,3.358371506029728,,,0.12068804337664765,,2.4109563428998784,,2.9272225857717116,,4.524189024960269,2.9479760680564646,,2.39548471534075,,0.04384406843040105,,1.7381041413480416,3.4305880153314012,3.59600822660559,7.1017715247265585,,,,0.45788538842666165,,11.562260446854259,,-16.815742731606992,,,19.3723941291951,,17.08212582967187,3.35093951575208,2.467794708796859,-0.9254089931756567,,5.258436944937833,0.21814527437599326,,4.521968776292418,4.549027764793867,0.3730952603533701,,20.945919416658878,28.588295783864634,,3.6582219313826307,,20.48789380200056,,3.033841263905768,0.06464429279237169,2.850378610825465,25.75021033934748,,16.34645227633916,11.457371225577266,,1.8696363466392447,,,-15.907637655417407,,5.539310086940263,,10.081845377208563,2.0335140693652427,23.553332710105636,,9.98186407403945,,2.734738711788352,12467.0615128759,7.746985136019445,,4.143283163503786,5.24104889221277,0.07053379452182855,,,4.342899878470599,,,,8.868981957558194,,,-19.2121622884921,-118.92974665794148,,,,,11.027905020099093,7.918061138637001,,-17.292605403384126,,,3.266944002991493,1.397962045433299,,,,,,,,,,,,,,,,,,,,,,,,,,,,,,,,,,,,,,
2025-01-01,10.89998627065123,9.965630863576038,,1.255498604182875,,-14.56171342272665,,,3.1123518374445105,5.839092032401263,,,1.5433618598691135,3.3610818726831724,,,0.12507436730584412,,2.4219486522355957,,2.870211889616036,,4.555379616493525,2.947004713743078,,2.4686742025536588,,0.046771314813967325,,,3.052903757265114,3.5168642167406525,6.842744039174408,,,,0.43801199029792687,,11.37956157612924,,-16.34140313944442,,,19.07285707747929,,17.074321541348223,3.2101505651915243,2.5335224932497367,-1.1620063155004348,,5.08956111848428,0.22520708434396594,,4.366939728158894,4.639110338199624,0.39714429545558555,,22.159351974737998,28.4467072445197,,3.6381401308864585,,20.765868838954738,,2.9827467850441627,0.06324653333943527,2.823760926273397,25.78092535810718,,15.786142510640245,11.687291199487438,,1.6068372156880693,,,-15.245068875566336,,5.358336002928928,,10.343691364239623,2.0375726511372476,23.992586151663538,,9.865589675529725,,2.7231705642762347,12206.32071791712,7.007871493295501,,4.089519930437967,5.440666331060363,0.0709349686513203,,,4.483868015193813,,,,8.865864262505148,,,-17.297606516864217,-115.20431101551416,,,,,10.852912910164294,7.9293853828200085,,-17.181547755251476,,,3.2419477369456775,1.2135829023843303,,,,,,,,,,,,,,,1.7450489309401234,,,37.7438430499513,,,,0.7991605008537279,,,,,,,,,,,,,,,,
2025-02-01,11.019520759193357,10.235207591933571,,1.286908659549229,,-14.660403321470937,,,3.0898695136417555,5.8618268090154215,,,1.5590984578884934,3.3507947805456704,,,0.11553973902728351,,2.376749703440095,,2.779074733096085,,4.648431791221826,2.948896797153025,,2.360094899169632,,0.04403321470937129,,1.7407354685646501,2.800379596678529,3.655278766310795,6.860393831553973,,,,0.47373665480427046,,11.581712930011863,,-16.117010676156582,,,19.78908659549229,,17.60502965599051,3.0587900355871884,2.5037247924080663,-1.2973712930011863,,4.964507710557533,0.21148279952550414,,4.226002372479241,4.826306049822064,0.35852906287069986,,21.321660735468566,28.13238434163701,,3.6300355871886123,,20.781304863582445,,2.933665480427046,0.06087781731909846,2.8195492289442465,26.470083036773428,,16.012574139976277,11.437864768683275,,1.5480901542111507,,,-14.808161328588374,,5.419833926453143,,10.54846975088968,2.0455041518386716,24.144199288256228,,9.671221826809015,,2.7233689205219456,12655.768161610571,6.556820877817319,,4.089674970344009,5.412858837485172,0.06619217081850534,,,4.465338078291815,,,,9.168493475682087,,,-17.7955871886121,-113.86993119810201,,,,,10.733523131672598,7.87141162514828,,-16.65926453143535,,,3.1758861209964415,1.2098220640569395,,,,,,,,,,,,,,,,,,,,,,,,,,,,,,,,,,,,,,
2025-03-01,10.651881785870783,10.40673840011685,,1.328506743268903,,,3.2085788013048346,,3.0845221286333318,5.751837966794878,,,1.46165830858367,3.3310287745265104,,,,,2.347290520473246,,2.7663956375675545,,4.601329178635766,2.925994449583719,,2.2715808948829057,,,,1.736988168849506,2.677637664930133,3.551146599152831,6.778353376503238,,,,,,11.239432299527728,,,,2.425775354204197,20.563318564681826,,18.23934953016213,2.9957641559959103,2.3744583475339596,-1.2773747504747066,,4.801937776912216,,,3.9643604849311065,4.72368177613321,,,20.747553434928673,27.998588051998638,,3.6134670626612784,,21.44301085739325,,2.9397731145625396,,2.8102634013340473,27.46467695603486,,16.042358440040896,11.565363454890695,,1.5238327085057695,,,,,5.216953113588782,,10.141681678757486,2.0346170699644577,24.36467208724865,,9.527873801061395,,2.7204829835921904,12986.041871867472,6.035688202931009,,3.9938117727250595,5.2989921612541995,,,,4.498417644481231,,,,9.11986951652953,,,,-113.5485320609572,,,,,10.613028871902236,7.724524076147817,,,,,3.2093821510297484,1.1459175227615754,,,,,,,,,,,,,,,,,,,,,,,,,,,,43.784215395102,-26.68879692292711,,,,,1.5001217196552898,,,,42.44602950484444
2025-04-01,10.796841630997973,10.4892993917549,,1.171106104978599,,,,,3.0448749718405046,5.874791619734174,,,1.4036945257940978,3.3078621311106104,,,,,2.3226402342870016,,2.7471502590673573,,4.6691371930615,2.9288578508673124,,2.114395134039198,,,,,2.497724712773147,3.535751295336788,6.704266726740257,,,,,,11.336161297589548,,,,,20.408695652173915,,18.000630772696553,3.1141248028835324,2.252128857850867,-1.051502590673575,,4.799774724036945,,,4.0036945257940975,4.753777877900428,,,20.550349177742735,28.534354584365847,,3.6232034241946383,,21.357963505293984,,2.91353908537959,,2.8109934669970715,27.79517909439063,,16.389772471277315,11.37675152061275,,1.4553277765262447,,,,,5.104437936472179,,10.60473079522415,2.0280243298040097,24.2300518134715,,9.159270105879703,,2.7115116017120973,12135.782113084959,6.028880378463618,,4.245528272133363,5.398918675377337,,,,4.645100247803559,,,,9.379905384095517,,,,-111.29675602613202,,,,,10.145032665014643,7.865870691597206,,,,,3.320004505519261,1.1646316738004054,,,,,,,,,,,,,,,1.7424117754616932,,,38.28396416163832,,,,0.7571097535285444,,,,0.05767064654201397,,,,0.13602162649245325,,,0.4465420139671097,,,,,
2025-05-01,10.89601717147627,10.292248986405914,,1.2794133078941092,,-13.86568089673265,,,3.02771285475793,5.69983305509182,,,1.4233245886000476,3.307846410684474,,,0.11457190555688052,,2.3651323634629144,,2.7492010493679944,,4.792983544001908,2.968709754352492,,2.093966134032912,,0.04545671357023611,,1.7443357977581684,2.4839017409968998,3.560124016217505,6.64796565704746,,,,0.4642022418316241,,11.346577629382304,,-16.13102790364894,,,20.44331027903649,,18.128261388027664,2.897829716193656,2.1235392320534223,-1.2141473885046505,,4.692392082041498,0.20863343668018125,,3.8571905556880517,4.91508227999046,0.3723825423324589,,20.8508466491772,29.345766754114,,3.656331981874553,,20.822847603148105,,2.8971142380157406,0.05890770331504889,2.8155020271881708,27.21984259480086,,16.349344145003577,11.528929167660387,,1.5134271404722155,,,-14.781397567374196,,5.055282613880276,,10.617076079179585,2.0457429048414024,24.55688051514429,,9.707989506320057,,2.722680658239924,12847.778869549255,6.178821845933699,,4.439260672549487,5.187264488433103,0.06820891962795135,,,4.483520152635345,,,,9.285284998807537,,,-17.406057715239687,-112.91418554734081,,,,,9.78778917243024,8.087192940615312,,-15.894109229668494,,,3.466587169091343,1.15482947770093,,,,,,,,,,,,,,,,,,,,,,,,,,,,,,,,,,,,,,
2025-06-01,10.923820606060605,10.672339393939394,,1.2636363636363637,,,,,3.0059636363636364,5.789527272727272,,,1.4168727272727273,3.3083636363636364,,,,,2.3601454545454543,,2.673987878787879,,4.911917575757576,2.968872727272727,,2.102981818181818,,,,1.7397333333333334,2.286787878787879,3.4462545454545452,6.5920775757575765,,,,,,11.355112727272727,,,,,20.52121212121212,,18.368824242424242,2.8643878787878787,2.2302545454545455,-1.2837333333333334,,4.766545454545454,,,3.8062545454545456,5.055427878787879,,,20.425260606060608,29.048484848484847,,3.6538666666666666,,21.078351515151514,,2.8505212121212122,,2.810521212121212,27.25018181818182,,16.29987878787879,11.660509090909091,,1.434521212121212,,,,,5.19539393939394,,11.074230303030303,2.030642424242424,24.899878787878787,,9.099878787878788,,2.7153939393939392,13059.572557571793,5.765381818181818,,4.479190303030303,5.368339393939394,,,,4.480775757575757,,,,9.61939393939394,,,,-113.20936727272728,,,,,9.647224242424242,7.880678787878788,,,,,3.3112,1.1643636363636363,,,,,,,,,,,,,,,,,,,,,,,,,,,,,,,,,,,,,,
2025-07-01,10.743825,12.04725,,1.126845,,,,,3.0047,6.11565,,,1.31585,3.28435,,,,,2.34315,,2.49885,,5.1908,2.94855,,2.04855,,,,,2.1098,3.77465,6.818630000000001,,,,,,11.45055,,,,,19.76835,,19.9589,2.8166,2.2741,-2.08196,,4.74335,,,3.758,5.787434999999999,,,17.951,28.49525,,3.65085,,20.92125,,2.80625,,2.74495,26.09065,,16.2275,11.86755,,1.31025,,,,,5.12825,,12.8641,2.0743,24.2713,,9.04015,,2.6914,13467.684200002495,5.1005,,4.582125,5.55065,,,,4.83305,,,,9.93055,,,,-112.213275,,,,,9.5253,8.4975,,,,,3.556805,1.09395,,,,,,,,,,,,,,,1.7410899873257288,,,31.64491761723701,,,,1.9492821473158553,,,,,,,,,,,,,,,,
2025-08-01,10.77028076904165,10.373653931258298,,1.2605448197865958,,-12.650440084574912,,,3.025175787972661,5.881300093425776,,,1.352264345773713,3.299749225549491,,,0.11402861779023454,,2.3903230564980085,,2.7315238235727985,,4.804371342872597,2.989919850518759,,1.9524511973250724,,0.04154988444706692,,1.730442051433348,2.226532920293062,3.5145793381521364,6.627644195309042,,,,0.46181836062349413,,11.224054678664503,,-14.239956729114422,,,20.12499385356739,,18.055317893494617,2.547770074248906,2.1662978807100357,-1.208014948124109,,4.515267738604514,0.21227319663667207,,3.606529970005409,4.980154398387175,0.37630919014603925,,21.111766730589565,29.62811624133353,,3.6666666666666665,,21.74583271869007,,2.909573683434135,0.062349412401042435,2.807346216256085,27.55657176574716,,16.37832522004229,11.76928750553179,,1.287800560554654,,,-13.166592909475341,,5.040861483994689,,11.091163888479127,2.0671190441068004,24.719525987117077,,9.237842356296406,,2.7158872990116536,13244.514136791813,5.779269312091262,,4.435152677386045,5.378767763190244,0.06790578748094606,,,4.571913261543,,,,9.506023503958303,,,-16.167281309927716,-113.93403648522397,,,,,9.479470915080887,8.036091852288932,,-14.60844765697989,,,3.4972218124600483,1.090327973644097,,,,,,,,,,,,,,,,,,,,,,,,,,,,,,,,,,,,,,
2025-09-01,10.620788441487512,10.846531949754233,,1.072742167717591,,,,,3.0131075914800656,5.820267116826374,,,1.4374658656471873,3.2822104165632293,,,,,2.39034804627377,,2.7233007298545258,,4.868318355593069,2.9772603147807954,,1.93490889230922,,,,1.727322377240455,2.126359167866541,3.4601559008986644,6.552465120897672,,,,,,11.055826423712825,,,,,19.713817586018568,,17.531056054813565,2.502010823692965,2.146765304602552,-1.2036790626086094,,4.805670026314483,,,3.4601559008986644,5.001285934164143,,,22.2260563030634,29.87120798371481,,3.6666997666451517,,21.582692021250185,,2.8849113748076065,,2.8019462787349187,26.739685219204606,,16.39213544511196,11.775582145871605,,1.3579762673154263,,,,,5.050841566952982,,10.876669480164837,2.0491534680502457,25.109428528871454,,8.9148503053473,,2.721910530758155,13373.401717885661,5.687056253413435,,4.453443225261903,5.418549227943002,,,,4.50310312298297,,,,9.508415669529814,,,,-107.09546199294971,,,,,9.498138126210218,8.394121443821062,,,,,3.5180775532495905,1.093192989424557,,,,,,,,,,,,,,,,,,,,,,,,,,,,,,,,,,,,,,
2025-10-01,10.907200187749355,10.7020417742314,,1.189378080262849,,,,,2.9438160056324807,5.867261206289603,,,1.410232339826332,3.2482985214738322,,,,,2.362168505045764,,2.6827974653837128,,5.056526636939686,2.9701947899554093,,1.973668153015724,,,,,2.183102558084957,3.7317531095986856,6.52899788781976,,,,,,11.345383712743487,,,,,20.092372682468906,,17.719690213564892,2.5151842290542126,2.156066651020887,-1.139333489791129,,4.849565829617461,,,3.4907768129547057,5.0369021356489085,,,21.895705233513258,29.027739967143862,,3.63562544003755,,21.753156536024406,,2.8214973011030273,,2.7953062661347103,27.078854728936868,,16.29429711335367,11.966580614879136,,1.4265665336775404,,,,,5.215489321755457,,11.01633419385121,2.032245951654541,24.980567941797702,,8.716873973245717,,2.731049049518892,12642.74508328674,5.344707815066886,,4.673715090354377,5.416005632480639,,,,4.72339826331847,,,,9.660267542830322,,,,-111.44045059845106,,,,,9.082093405303919,8.39741844637409,,,,,3.6437502933583668,1.231401079558789,,,,,,,,,,,,,,,1.719393127213554,,,35.540537953479465,,,,1.674329224075417,,,,,,,,,,,,,,,,
2025-11-01,10.944811481391389,10.655898808075895,,1.3242325468255898,,-11.681002189248359,,,2.931646801264899,5.979323765507176,,,1.5371928971053272,3.233957674531744,,,0.1223060082704938,,2.3398199951350036,,2.6667477499391876,,5.182923862807103,2.9577231817076135,,2.0849428362928726,,0.04432011675991243,,1.7019703235222574,2.211870591097057,3.609973242520068,6.861994648504013,,,,0.4705424470931647,,11.52415470688397,,-14.775139868645098,,,19.500170274872293,,17.602578448066165,2.70221357333982,2.269374847968864,-1.2667039649720262,,4.8408173193870105,0.21337873996594503,,3.719289710532717,5.2082996837752376,0.36103137922646555,,21.524689856482606,29.298418876185842,,3.6348333738749696,,21.169058623206034,,2.7951836536122596,0.06786669909997567,2.79615665288251,27.010897591826804,,16.318268061298955,11.869374847968864,,1.5502310873266845,,,-12.459596205302846,,5.454147409389443,,11.293261980053515,2.046947214789589,24.45828265628801,,8.804573096570177,,2.7161761128679154,13104.046898562981,5.336414497689127,,4.728606178545366,5.338555096083678,0.07273169545122841,,,4.854682558988081,,,,9.789978107516419,,,-15.091170031622477,-116.73040136219898,,,,,9.095402578448066,8.582534663099002,,-13.85541230844077,,,3.6720360009729993,1.275358793480905,,,,,,,,,,,,,,,,,,,,,,,,,,,,,,,,,,,,,,
2025-12-01,11.066819255759007,10.454617050600511,,1.2073144319747982,,,,,2.909086434337468,6.249950777712148,,,1.466725733412089,3.210277613703485,,,,,2.3132014176018902,,2.664254774561922,,5.279705650718645,2.9225241189210474,,2.097558574522544,,,,1.7301141957078165,2.2650127977948413,3.773577475881079,6.871529828706438,,,,,,11.553731049419177,,,,,18.61872415829888,,18.10504036227604,2.7698365820043316,2.3454420161449105,-1.245126993502658,,4.7765308131521955,,,3.763733018310691,5.207910021657806,,,21.034111045481392,29.240795432171687,,3.6384622957275052,,20.95633983067533,,2.772199251821225,,2.7837664894664305,27.122858830478442,,16.25940145697972,12.559854302027958,,1.4921244339436897,,,,,5.3634081512108684,,11.39392596967907,2.030271707028943,23.851594802126403,,8.85253002559559,,2.6944280370151605,13258.204567884326,5.410907658987989,,4.974182910021658,5.549616066154755,,,,4.820781649931089,,,,9.976274857255365,,,,-114.98385508958457,,,,,8.986956093719236,9.033815711754283,,,,,3.8345934239023434,1.237989761764127,,,,,,,,,,,,,,,,,,,,,,,,,,,,,,,,,,,,,,
